<?xml version="1.0" encoding="ISO-8859-1" ?>
<!DOCTYPE scenario SYSTEM "sipp.dtd">


<scenario name="ASR_Call">

  <send retrans="500" start_rtd="1">
    <![CDATA[

      INVITE sip:[service]@[remote_ip]:[remote_port] SIP/2.0
      Via: SIP/2.0/[transport] [local_ip]:[local_port];branch=[branch]
      From: sipp <sip:sipp@[local_ip]:[local_port]>;tag=[call_number]
      To: <sip:[service]@[remote_ip]:[remote_port]>
      Call-ID: [call_id]
      CSeq: 1 INVITE
      Contact: sip:sipp@[local_ip]:[local_port]
      Max-Forwards: 70
      Subject: Performance Test
      Content-Type: application/sdp
      X-Genesys-CallUUID: [call_id]123
      Content-Length: [len]

      v=0
      o=user1 53655765 2353687637 IN IP[local_ip_type] [local_ip]
      s=-
      c=IN IP[local_ip_type] [local_ip]
      t=0 0
      m=audio [auto_media_port] RTP/AVP 18 101
      a=rtpmap:18 g729/8000
      a=rtpmap:101 telephone-event/8000
      a=fmtp:101 0-11,16

    ]]>
  </send>

  <recv response="100" optional="true">
  </recv>

  <recv response="183" optional="true">
  </recv>

  <recv response="180" optional="true">
  </recv>

  <recv response="200" crlf="true">
   <action>
  	<!--<ereg regexp=".*" search_in="hdr" header="Record-Route: " assign_to="1"/>-->
	<ereg regexp="sip:.*:[0-9][0-9][0-9][0-9]" search_in="hdr" header="Contact:" assign_to="4"/>
	<ereg regexp=".*" search_in="hdr" header="X-Genesys-GVP-Session-ID:" check_it="false" assign_to="6"/>
  </action>
  </recv>

  <send>
    <![CDATA[

      ACK [$4] SIP/2.0
      Via: SIP/2.0/[transport] [local_ip]:[local_port];branch=[branch]
      From: sipp <sip:sipp@[local_ip]:[local_port]>;tag=[call_number]
      To: <sip:[service]@[remote_ip]:[remote_port]>[peer_tag_param]
      Call-ID: [call_id]
      CSeq: 1 ACK
      Contact: sip:sipp@[local_ip]:[local_port]
      Max-Forwards: 70
      Subject: Performance Test
      Content-Length: 0

    ]]>
  </send>
  
  <pause milliseconds="4000"/>
  
        <nop>
          <action>
            <exec play_pcap_audio="pcap/dtmf_2833_2.pcap"/>
          </action>
      </nop>
       <pause milliseconds="4000"/>
        
              <nop>
                <action>
                  <exec play_pcap_audio="pcap/dtmf_2833_3.pcap"/>
                </action>
      </nop>
       <pause milliseconds="4000"/>
        
              <nop>
                <action>
                  <exec play_pcap_audio="pcap/dtmf_2833_1.pcap"/>
                </action>
      </nop>
       <pause milliseconds="4000"/>
        
              <nop>
                <action>
                  <exec play_pcap_audio="pcap/dtmf_2833_2.pcap"/>
                </action>
      </nop>
       <pause milliseconds="4000"/>
        
              <nop>
                <action>
                  <exec play_pcap_audio="pcap/dtmf_2833_3.pcap"/>
                </action>
      </nop>
       <pause milliseconds="4000"/>
        
              <nop>
                <action>
                  <exec play_pcap_audio="pcap/dtmf_2833_1.pcap"/>
                </action>
      </nop>
  
 
    
  <recv request="BYE" timeout="45000" ontimeout="8" next="3" crlf="true">
  </recv>
  
  <label id="8"/>
  
  <send retrans="500"> 
  
         <![CDATA[ 
           BYE [$4] SIP/2.0
           Via: SIP/2.0/[transport] [local_ip]:[local_port];branch=[branch] 
           From: sipp <sip:sipp@[local_ip]:[local_port]>;tag=[call_number] 
           To: <sip:[service]@[remote_ip]:[remote_port]>[peer_tag_param]
           Call-ID: [call_id] 
           CSeq: 2 BYE
	   X-Genesys-GVP-Session-ID:[$6]
           Max-Forwards: 70 
           Content-Length: 0 
         ]]>
         
 </send>
    
  <recv response="200" next="10"  rtd="1" crlf="true">
  </recv>
  

<label id="3"/>
<send rtd="1">
      <![CDATA[

      SIP/2.0 200 OK
      [last_Via:]
      [last_From:]
      [last_To:];tag=[call_number]
      [last_Call-ID:]
      [last_CSeq:]
      Content-Length: 0

    ]]>
  </send>
  
  
  <label id="10"/>
   
</scenario>
