<?xml version="1.0" encoding="ISO-8859-1" ?>
<!DOCTYPE scenario SYSTEM "sipp.dtd">

<!-- This program is free software; you can redistribute it and/or      -->
<!-- modify it under the terms of the GNU General Public License as     -->
<!-- published by the Free Software Foundation; either version 2 of the -->
<!-- License, or (at your option) any later version.                    -->
<!--                                                                    -->
<!-- This program is distributed in the hope that it will be useful,    -->
<!-- but WITHOUT ANY WARRANTY; without even the implied warranty of     -->
<!-- MERCHANTABILITY or FITNESS FOR A PARTICULAR PURPOSE.  See the      -->
<!-- GNU General Public License for more details.                       -->
<!--                                                                    -->
<!-- You should have received a copy of the GNU General Public License  -->
<!-- along with this program; if not, write to the                      -->
<!-- Free Software Foundation, Inc.,                                    -->
<!-- 59 Temple Place, Suite 330, Boston, MA  02111-1307 USA             -->
<!--                                                                    -->
<!--                 Sipp default 'uas' scenario.                       -->
<!--                                                                    -->

<scenario name="Basic UAS responder">
  <!-- By adding rrs="true" (Record Route Sets), the route sets         -->
  <!-- are saved and used for following messages sent. Useful to test   -->
  <!-- against stateful SIP proxies/B2BUAs.                             -->
  <recv request="INVITE" crlf="true">
  <action>
       <ereg regexp=".*" search_in="hdr" header="Record-Route" check_it="false" assign_to="6"/>
  </action>
  </recv>

  <!-- The '[last_*]' keyword is replaced automatically by the          -->
  <!-- specified header if it was present in the last message received  -->
  <!-- (except if it was a retransmission). If the header was not       -->
  <!-- present or if no message has been received, the '[last_*]'       -->
  <!-- keyword is discarded, and all bytes until the end of the line    -->
  <!-- are also discarded.                                              -->
  <!--                                                                  -->
  <!-- If the specified header was present several times in the         -->
  <!-- message, all occurences are concatenated (CRLF seperated)        -->
  <!-- to be used in place of the '[last_*]' keyword.                   -->

  <send>
    <![CDATA[

      SIP/2.0 180 Ringing
      [last_Via:]
      [last_From:]
      [last_To:];tag=[call_number]
      [last_Call-ID:]
      [last_CSeq:]
      Contact: <sip:[local_ip]:[local_port];transport=[transport]>
      Content-Length: 0

    ]]>
  </send>

  <send retrans="500">
    <![CDATA[

      SIP/2.0 200 OK
      [last_Via:]
      [last_From:]
      [last_To:];tag=[call_number]
      [last_Call-ID:]
      [last_CSeq:]
      Contact: <sip:[local_ip]:[local_port];transport=[transport]>
      Record-Route[$6]
      Content-Type: application/sdp
      Content-Length: [len]

      v=0
      o=- 1542116601 1542116601 IN IP4 172.24.134.148
      s=Nuance MRCP session V2
      c=IN IP4 172.24.134.148
      t=0 0
      m=application 6075 TCP/MRCPv2 1
      a=channel:345@speechsynth
      a=cmid:1
      a=connection:new
      a=setup:passive
      m=audio 8640 RTP/AVP 0 8 122 100
      a=fmtp:100 0-15
      a=mid:1
      a=rtpmap:0 pcmu/8000
      a=rtpmap:8 pcma/8000
      a=rtpmap:122 l16/8000
      a=rtpmap:100 telephone-event/8000
      a=sendonly

    ]]>
  </send>

  <recv request="ACK"
        optional="true"
        rtd="true"
        crlf="true">
  </recv>

  <recv request="BYE">
  </recv>

  <send>
    <![CDATA[

      SIP/2.0 200 OK
      [last_Via:]
      [last_From:]
      [last_To:]
      [last_Call-ID:]
      [last_CSeq:]
      Contact: <sip:[local_ip]:[local_port];transport=[transport]>
      Content-Length: 0

    ]]>
  </send>

  <!-- Keep the call open for a while in case the 200 is lost to be     -->
  <!-- able to retransmit it if we receive the BYE again.               -->
  <pause milliseconds="4000"/>


  <!-- definition of the response time repartition table (unit is ms)   -->
  <ResponseTimeRepartition value="10, 20, 30, 40, 50, 100, 150, 200"/>

  <!-- definition of the call length repartition table (unit is ms)     -->
  <CallLengthRepartition value="10, 50, 100, 500, 1000, 5000, 10000"/>

</scenario>
